{
	"name": "deselection",
	"title": "Deselection",
	"description": "Lets the players and GM deselect tokens by clicking anywhere on the map.",
	"version": "9.9.9",
	"author": "Sky",
	"minimumCoreVersion": "0.4.7",
	"compatibleCoreVersion": "0.5.5",
	"scripts": ["./deselection.js"],
	"url": "https://github.com/Sky-Captain-13/foundry/tree/master/deselection",
	"manifest": "https://raw.githubusercontent.com/SimonLain/foundry/master/deselection/module.json",
	"download": "https://github.com/SimonLain/foundry/raw/master/deselection.zip"
}